event_id,testament,book,event_title,event_summary,lane_tag,sequence_index,track_id,certainty_level
EVT0001,OT,창세기,에덴 동산,이것이 천지가 창조될 때에 하늘과 땅의 내력이니 여호와 하나님이 땅과 하늘을 만드시던 날에,primeval_history,1,track_main,high
EVT0002,OT,창세기,셋과 에노스,아담이 다시 자기 아내와 동침하매 그가 아들을 낳아 그의 이름을 셋이라 하였으니 이는 하나님이 내게 가인이 죽인 아벨 대신에 다른 씨를 주셨다 함이며,primeval_history,2,track_main,high
EVT0003,OT,창세기,홍수,여호와께서 노아에게 이르시되 너와 네 온 집은 방주로 들어가라 이 세대에서 네가 내 앞에 의로움을 내가 보았음이니라,primeval_history,3,track_main,high
EVT0004,OT,창세기,노아의 아들들의 족보(대상 1:5-23),노아의 아들 셈과 함과 야벳의 족보는 이러하니라 홍수 후에 그들이 아들들을 낳았으니,primeval_history,4,track_main,low
EVT0005,OT,창세기,여호와께서 아브람에게 이르시다,여호와께서 아브람에게 이르시되 너는 너의 고향과 친척과 아버지의 집을 떠나 내가 네게 보여 줄 땅으로 가라,patriarchal_era,5,track_main,high
EVT0006,OT,창세기,멜기세덱이 아브람에게 축복하다,아브람이 그돌라오멜과 그와 함께 한 왕들을 쳐부수고 돌아올 때에 소돔 왕이 사웨 골짜기 곧 왕의 골짜기로 나와 그를 영접하였고,patriarchal_era,6,track_main,high
EVT0007,OT,창세기,아브라함이 아들을 약속받다,여호와께서 마므레의 상수리나무들이 있는 곳에서 아브라함에게 나타나시니라 날이 뜨거울 때에 그가 장막 문에 앉아 있다가,patriarchal_era,7,track_main,high
EVT0008,OT,창세기,모압과 암몬 자손의 조상,롯이 소알에 거주하기를 두려워하여 두 딸과 함께 소알에서 나와 산에 올라가 거주하되 그 두 딸과 함께 굴에 거주하였더니,patriarchal_era,8,track_main,high
EVT0009,OT,창세기,아브라함과 아비멜렉의 언약,그 때에 아비멜렉과 그 군대 장관 비골이 아브라함에게 말하여 이르되 네가 무슨 일을 하든지 하나님이 너와 함께 계시도다,patriarchal_era,9,track_main,high
EVT0010,OT,창세기,아브라함이 죽다,아브라함이 후처를 맞이하였으니 그의 이름은 그두라라,patriarchal_era,10,track_main,high
EVT0011,OT,창세기,이삭이 그랄에 거주하다,아브라함 때에 첫 흉년이 들었더니 그 땅에 또 흉년이 들매 이삭이 그랄로 가서 블레셋 왕 아비멜렉에게 이르렀더니,patriarchal_era,11,track_main,high
EVT0012,OT,창세기,에서가 다른 아내를 맞이하다,에서가 본즉 이삭이 야곱에게 축복하고 그를 밧단아람으로 보내어 거기서 아내를 맞이하게 하였고 또 그에게 축복하고 명하기를 너는 가나안 사람의 딸들 중에서 아…,patriarchal_era,12,track_main,high
EVT0013,OT,창세기,야곱에게 아이들이 생기다,여호와께서 레아가 사랑 받지 못함을 보시고 그의 태를 여셨으나 라헬은 자녀가 없었더라,patriarchal_era,13,track_main,high
EVT0014,OT,창세기,야곱이 브니엘에서 씨름을 하다,야곱이 거기서 밤을 지내고 그 소유 중에서 형 에서를 위하여 예물을 택하니,patriarchal_era,14,track_main,high
EVT0015,OT,창세기,라헬이 산고로 죽다,그들이 벧엘에서 길을 떠나 에브랏에 이르기까지 얼마간 거리를 둔 곳에서 라헬이 해산하게 되어 심히 고생하여,patriarchal_era,15,track_main,high
EVT0016,OT,창세기,요셉과 형제들,야곱이 가나안 땅 곧 그의 아버지가 거류하던 땅에 거주하였으니,patriarchal_era,16,track_main,high
EVT0017,OT,창세기,요셉이 관원장의 꿈을 해석하다,그 후에 애굽 왕의 술 맡은 자와 떡 굽는 자가 그들의 주인 애굽 왕에게 범죄한지라,patriarchal_era,17,track_main,high
EVT0018,OT,창세기,형들이 베냐민을 데리고 애굽으로 가다,그 땅에 기근이 심하고,patriarchal_era,18,track_main,high
EVT0019,OT,창세기,야곱 가족이 애굽으로 내려가다,이스라엘이 모든 소유를 이끌고 떠나 브엘세바에 이르러 그의 아버지 이삭의 하나님께 희생제사를 드리니,patriarchal_era,19,track_main,high
EVT0020,OT,창세기,야곱의 유언과 죽음,야곱이 그 아들들을 불러 이르되 너희는 모이라 너희가 후일에 당할 일을 내가 너희에게 이르리라,patriarchal_era,20,track_main,high
EVT0021,OT,출애굽기,모세가 태어나다,레위 가족 중 한 사람이 가서 레위 여자에게 장가 들어,exodus_wilderness,21,track_main,high
EVT0022,OT,출애굽기,모세가 애굽으로 돌아가다,모세가 그의 장인 이드로에게로 돌아가서 그에게 이르되 내가 애굽에 있는 내 형제들에게로 돌아가서 그들이 아직 살아 있는지 알아보려 하오니 나로 가게 하소서 …,exodus_wilderness,22,track_main,high
EVT0023,OT,출애굽기,여호와께서 모세와 아론에게 명령하시다,여호와께서 애굽 땅에서 모세에게 말씀하시던 날에,exodus_wilderness,23,track_main,high
EVT0024,OT,출애굽기,셋째 재앙 : 티끌이 이가 되다,여호와께서 모세에게 이르시되 아론에게 명령하기를 네 지팡이를 들어 땅의 티끌을 치라 하라 그것이 애굽 온 땅에서 이가 되리라,exodus_wilderness,24,track_main,high
EVT0025,OT,출애굽기,여덟째 재앙 : 메뚜기가 땅을 덮다,여호와께서 모세에게 이르시되 바로에게로 들어가라 내가 그의 마음과 그의 신하들의 마음을 완강하게 함은 나의 표징을 그들 중에 보이기 위함이며,exodus_wilderness,25,track_main,high
EVT0026,OT,출애굽기,무교절,너희는 이레 동안 무교병을 먹을지니 그 첫날에 누룩을 너희 집에서 제하라 무릇 첫날부터 일곱째 날까지 유교병을 먹는 자는 이스라엘에서 끊어지리라,exodus_wilderness,26,track_main,high
EVT0027,OT,출애굽기,무교절,여호와께서 모세에게 일러 이르시되,exodus_wilderness,27,track_main,high
EVT0028,OT,출애굽기,모세의 노래,이 때에 모세와 이스라엘 자손이 이 노래로 여호와께 노래하니 일렀으되 내가 여호와를 찬송하리니 그는 높고 영화로우심이요 말과 그 탄 자를 바다에 던지셨음이로다,exodus_wilderness,28,track_main,high
EVT0029,OT,출애굽기,아말렉과 싸우다,그 때에 아말렉이 와서 이스라엘과 르비딤에서 싸우니라,exodus_wilderness,29,track_main,high
EVT0030,OT,출애굽기,십계명(신 5:1-21),하나님이 이 모든 말씀으로 말씀하여 이르시되,exodus_wilderness,30,track_main,high
EVT0031,OT,출애굽기,임자의 책임,소가 남자나 여자를 받아서 죽이면 그 소는 반드시 돌로 쳐서 죽일 것이요 그 고기는 먹지 말 것이며 임자는 형벌을 면하려니와,exodus_wilderness,31,track_main,high
EVT0032,OT,출애굽기,안식년과 안식일에 관한 법,너는 여섯 해 동안은 너의 땅에 파종하여 그 소산을 거두고,exodus_wilderness,32,track_main,high
EVT0033,OT,출애굽기,성소를 지을 예물,여호와께서 모세에게 말씀하여 이르시되,exodus_wilderness,33,track_main,high
EVT0034,OT,출애굽기,성막(출 36:8-38),너는 성막을 만들되 가늘게 꼰 베 실과 청색 자색 홍색 실로 그룹을 정교하게 수 놓은 열 폭의 휘장을 만들지니,exodus_wilderness,34,track_main,high
EVT0035,OT,출애굽기,판결 흉패(출 39:8-21),너는 판결 흉패를 에봇 짜는 방법으로 금 실과 청색 자색 홍색 실과 가늘게 꼰 베 실로 정교하게 짜서 만들되,exodus_wilderness,35,track_main,high
EVT0036,OT,출애굽기,분향할 제단(출 37:25-28),너는 분향할 제단을 만들지니 곧 조각목으로 만들되,exodus_wilderness,36,track_main,high
EVT0037,OT,출애굽기,회막 기구를 만들게 하라(출 35:30-36:1),여호와께서 모세에게 말씀하여 이르시되,exodus_wilderness,37,track_main,high
EVT0038,OT,출애굽기,시내 산을 떠나라고 명하시다,여호와께서 모세에게 이르시되 너는 네가 애굽 땅에서 인도하여 낸 백성과 함께 여기를 떠나서 내가 아브라함과 이삭과 야곱에게 맹세하여 네 자손에게 주기로 한 …,exodus_wilderness,38,track_main,high
EVT0039,OT,출애굽기,모세가 시내 산에서 내려오다,모세가 그 증거의 두 판을 모세의 손에 들고 시내 산에서 내려오니 그 산에서 내려올 때에 모세는 자기가 여호와와 말하였음으로 말미암아 얼굴 피부에 광채가 나…,exodus_wilderness,39,track_main,high
EVT0040,OT,출애굽기,성막 일꾼(출 31:1-11),모세가 이스라엘 자손에게 이르되 볼지어다 여호와께서 유다 지파 훌의 손자요 우리의 아들인 브살렐을 지명하여 부르시고,exodus_wilderness,40,track_main,high
EVT0041,OT,출애굽기,등잔대를 만들다(출 25:31-40),그가 또 순금으로 등잔대를 만들되 그것을 쳐서 만들었으니 그 밑판과 줄기와 잔과 꽃받침과 꽃이 그것과 한 덩이로 되었고,exodus_wilderness,41,track_main,high
EVT0042,OT,출애굽기,성막 울타리를 만들다(출 27:9-19),그가 또 뜰을 만들었으니 남으로 뜰의 남쪽에는 세마포 포장이 백 규빗이라,exodus_wilderness,42,track_main,high
EVT0043,OT,출애굽기,성막의 모든 역사를 마치다(출 35:10-19),이스라엘 자손이 이와 같이 성막 곧 회막의 모든 역사를 마치되 여호와께서 모세에게 명령하신 대로 다 행하고,exodus_wilderness,43,track_main,high
EVT0044,OT,민수기,레위 지파는 계수하지 말라,그러나 레위인은 그들의 조상의 지파대로 그 계수에 들지 아니하였으니,exodus_wilderness,44,track_main,high
EVT0045,OT,민수기,레위 자손 인구 조사,여호와께서 시내 광야에서 모세에게 말씀하여 이르시되,exodus_wilderness,45,track_main,medium
EVT0046,OT,민수기,레위 사람 인구 조사,모세와 아론과 회중의 지도자들이 고핫 자손들을 그 종족과 조상의 가문에 따라 계수하니,exodus_wilderness,46,track_main,medium
EVT0047,OT,민수기,나실인의 법,여호와께서 모세에게 말씀하여 이르시되,exodus_wilderness,47,track_main,high
EVT0048,OT,민수기,레위인을 요제로 여호와께 드리다,여호와께서 모세에게 말씀하여 이르시되,exodus_wilderness,48,track_main,high
EVT0049,OT,민수기,다베라,여호와께서 들으시기에 백성이 악한 말로 원망하매 여호와께서 들으시고 진노하사 여호와의 불을 그들 중에 붙여서 진영 끝을 사르게 하시매,exodus_wilderness,49,track_main,high
EVT0050,OT,민수기,가나안 땅 정탐(신 1:19-33),여호와께서 모세에게 말씀하여 이르시되,exodus_wilderness,50,track_main,high
EVT0051,OT,민수기,첫번째 점령 시도(신 1:41-46),모세가 이 말로 이스라엘 모든 자손에게 알리매 백성이 크게 슬퍼하여,exodus_wilderness,51,track_main,high
EVT0052,OT,민수기,향로,여호와께서 모세에게 말씀하여 이르시되,exodus_wilderness,52,track_main,high
EVT0053,OT,민수기,제사장의 몫,여호와께서 또 아론에게 이르시되 보라 내가 내 거제물 곧 이스라엘 자손이 거룩하게 한 모든 헌물을 네가 주관하게 하고 네가 기름 부음을 받았음으로 말미암아 …,exodus_wilderness,53,track_main,high
EVT0054,OT,민수기,가데스의 다툼과 므리바 물(출 17:1-7),첫째 달에 이스라엘 자손 곧 온 회중이 신 광야에 이르러 백성이 가데스에 이르더니 미리암이 거기서 죽으매 거기에 장사되니라,exodus_wilderness,54,track_main,high
EVT0055,OT,민수기,놋뱀으로 백성을 구하다,백성이 호르 산에서 출발하여 홍해 길을 따라 에돔 땅을 우회하려 하였다가 길로 말미암아 백성의 마음이 상하니라,exodus_wilderness,55,track_main,high
EVT0056,OT,민수기,발람과 그 나귀,발람이 아침에 일어나서 자기 나귀에 안장을 지우고 모압 고관들과 함께 가니,exodus_wilderness,56,track_main,high
EVT0057,OT,민수기,발람의 마지막 예언,발락이 발람에게 노하여 손뼉을 치며 말하되 내가 그대를 부른 것은 내 원수를 저주하라는 것이어늘 그대가 이같이 세 번 그들을 축복하였도다,exodus_wilderness,57,track_main,high
EVT0058,OT,민수기,모세의 후계자 여호수아(신 31:1-8),여호와께서 모세에게 이르시되 너는 이 아바림 산에 올라가서 내가 이스라엘 자손에게 준 땅을 바라보라,exodus_wilderness,58,track_main,high
EVT0059,OT,민수기,유월절(레 23:5-14),첫째 달 열넷째 날은 여호와를 위하여 지킬 유월절이며,exodus_wilderness,59,track_main,high
EVT0060,OT,민수기,여호와께 서원한 것,모세가 이스라엘 자손 지파의 수령들에게 말하여 이르되 여호와의 명령이 이러하니라,exodus_wilderness,60,track_main,high
EVT0061,OT,민수기,요단 강 동쪽 지파들(신 3:12-22),르우벤 자손과 갓 자손은 심히 많은 가축 떼를 가졌더라 그들이 야셀 땅과 길르앗 땅을 본즉 그 곳은 목축할 만한 장소인지라,exodus_wilderness,61,track_main,high
EVT0062,OT,민수기,레위 사람에게 준 성읍,여호와께서 여리고 맞은편 요단 강 가 모압 평지에서 모세에게 말씀하여 이르시되,exodus_wilderness,62,track_main,high
EVT0063,OT,신명기,모세가 수령을 세우다(출 18:13-17),그 때에 내가 너희에게 말하여 이르기를 나는 홀로 너희의 짐을 질 수 없도다,exodus_wilderness,63,track_main,high
EVT0064,OT,신명기,이스라엘이 헤스본 왕 시혼을 치다(민 21:21-30),내가 그데못 광야에서 헤스본 왕 시혼에게 사자를 보내어 평화의 말로 이르기를,exodus_wilderness,64,track_main,high
EVT0065,OT,신명기,우상을 만들어 섬기지 말라,여호와께서 호렙 산 불길 중에서 너희에게 말씀하시던 날에 너희가 어떤 형상도 보지 못하였은즉 너희는 깊이 삼가라,exodus_wilderness,65,track_main,high
EVT0066,OT,신명기,여호와의 음성 듣기를 두려워하다(출 20:18-21),"여호와께서 이 모든 말씀을 산 위 불 가운데, 구름 가운데, 흑암 가운데에서 큰 음성으로 너희 총회에 이르신 후에 더 말씀하지 아니하시고 그것을 두 돌판에 …",exodus_wilderness,66,track_main,high
EVT0067,OT,신명기,법도를 듣고 지켜 행하면(신 28:1-14),너희가 이 모든 법도를 듣고 지켜 행하면 네 하나님 여호와께서 네 조상들에게 맹세하신 언약을 지켜 네게 인애를 베푸실 것이라,exodus_wilderness,67,track_main,high
EVT0068,OT,신명기,여호와께서 요구하시는 것,이스라엘아 네 하나님 여호와께서 네게 요구하시는 것이 무엇이냐 곧 네 하나님 여호와를 경외하여 그의 모든 도를 행하고 그를 사랑하며 마음을 다하고 뜻을 다하…,exodus_wilderness,68,track_main,high
EVT0069,OT,신명기,다른 신들을 섬기지 말라,네 하나님 여호와께서 네가 들어가서 쫓아낼 그 민족들을 네 앞에서 멸절하시고 네가 그 땅을 차지하여 거기에 거주하게 하실 때에,exodus_wilderness,69,track_main,high
EVT0070,OT,신명기,빚을 면제해 주는 해(레 25:1-7),매 칠 년 끝에는 면제하라,exodus_wilderness,70,track_main,high
EVT0071,OT,신명기,초막절(레 23:33-43),너희 타작 마당과 포도주 틀의 소출을 거두어 들인 후에 이레 동안 초막절을 지킬 것이요,exodus_wilderness,71,track_main,high
EVT0072,OT,신명기,다른 민족들의 가증한 행위,네 하나님 여호와께서 네게 주시는 땅에 들어가거든 너는 그 민족들의 가증한 행위를 본받지 말 것이니,exodus_wilderness,72,track_main,high
EVT0073,OT,신명기,두 세 증인의 입으로 하라,사람의 모든 악에 관하여 또한 모든 죄에 관하여는 한 증인으로만 정할 것이 아니요 두 증인의 입으로나 또는 세 증인의 입으로 그 사건을 확정할 것이며,exodus_wilderness,73,track_main,high
EVT0074,OT,신명기,패역한 아들에게 내리는 벌,사람에게 완악하고 패역한 아들이 있어 그의 아버지의 말이나 그 어머니의 말을 순종하지 아니하고 부모가 징계하여도 순종하지 아니하거든,exodus_wilderness,74,track_main,high
EVT0075,OT,신명기,진영을 거룩하게 하는 법,네가 적군을 치러 출진할 때에 모든 악한 일을 스스로 삼갈지니,exodus_wilderness,75,track_main,high
EVT0076,OT,신명기,죽은 형제에 대한 의무,형제들이 함께 사는데 그 중 하나가 죽고 아들이 없거든 그 죽은 자의 아내는 나가서 타인에게 시집 가지 말 것이요 그의 남편의 형제가 그에게로 들어가서 그를…,exodus_wilderness,76,track_main,high
EVT0077,OT,신명기,돌 위에 기록한 율법,모세와 이스라엘 장로들이 백성에게 명령하여 이르되 내가 오늘 너희에게 명령하는 이 명령을 너희는 다 지킬지니라,exodus_wilderness,77,track_main,high
EVT0078,OT,신명기,모압 땅에서 세우신 언약,호렙에서 이스라엘 자손과 세우신 언약 외에 여호와께서 모세에게 명령하여 모압 땅에서 그들과 세우신 언약의 말씀은 이러하니라,exodus_wilderness,78,track_main,high
EVT0079,OT,신명기,모세의 노래,그리고 모세가 이스라엘 총회에 이 노래의 말씀을 끝까지 읽어 들리니라,exodus_wilderness,79,track_main,high
EVT0080,OT,여호수아,여호수아가 백성에게 명령을 내리다,이에 여호수아가 그 백성의 관리들에게 명령하여 이르되,conquest_settlement,80,track_main,high
EVT0081,OT,여호수아,이스라엘이 길갈에서 할례를 받다,그 때에 여호와께서 여호수아에게 이르시되 너는 부싯돌로 칼을 만들어 이스라엘 자손들에게 다시 할례를 행하라 하시매,conquest_settlement,81,track_main,high
EVT0082,OT,여호수아,에발 산에서 율법을 낭독하다,그 때에 여호수아가 이스라엘의 하나님 여호와를 위하여 에발 산에 한 제단을 쌓았으니,conquest_settlement,82,track_main,high
EVT0083,OT,여호수아,가나안 북방을 취하다,하솔 왕 야빈이 이 소식을 듣고 마돈 왕 요밥과 시므론 왕과 악삽 왕과,conquest_settlement,83,track_main,high
EVT0084,OT,여호수아,요단 동쪽 기업의 분배,므낫세 반 지파와 함께 르우벤 족속과 갓 족속은 요단 저편 동쪽에서 그들의 기업을 모세에게 받았는데 여호와의 종 모세가 그들에게 준 것은 이러하니,conquest_settlement,84,track_main,high
EVT0085,OT,여호수아,요단 서쪽 기업의 분배,이것은 이스라엘 자손이 가나안 땅에서 받은 기업 곧 제사장 엘르아살과 눈의 아들 여호수아와 이스라엘 자손 지파의 족장들이 분배한 것이니라,conquest_settlement,85,track_main,high
EVT0086,OT,여호수아,에브라임과 서쪽 므낫세 자손의 기업,요셉 자손이 제비 뽑은 것은 여리고 샘 동쪽 곧 여리고 곁 요단으로부터 광야로 들어가 여리고로부터 벧엘 산지로 올라가고,conquest_settlement,86,track_main,high
EVT0087,OT,여호수아,나머지 땅 분배,이스라엘 자손의 온 회중이 실로에 모여서 거기에 회막을 세웠으며 그 땅은 그들 앞에서 돌아와 정복되었더라,conquest_settlement,87,track_main,high
EVT0088,OT,여호수아,아셀 자손의 기업,다섯째로 아셀 자손의 지파를 위하여 그 가족대로 제비를 뽑았으니,conquest_settlement,88,track_main,high
EVT0089,OT,여호수아,도피성,여호와께서 여호수아에게 말씀하여 이르시되,conquest_settlement,89,track_main,high
EVT0090,OT,여호수아,여호수아의 마지막 말,여호와께서 주위의 모든 원수들로부터 이스라엘을 쉬게 하신 지 오랜 후에 여호수아가 나이 많아 늙은지라,conquest_settlement,90,track_main,high
EVT0091,OT,사사기,유다 지파가 예루살렘과 헤브론을 치다,유다 자손이 예루살렘을 쳐서 점령하여 칼날로 치고 그 성을 불살랐으며,judges_period,91,track_main,high
EVT0092,OT,사사기,쫓아내지 못한 가나안 족속,므낫세가 벧스안과 그에 딸린 마을들의 주민과 다아낙과 그에 딸린 마을들의 주민과 돌과 그에 딸린 마을들의 주민과 이블르암과 그에 딸린 마을들의 주민과 므깃도…,judges_period,92,track_main,high
EVT0093,OT,사사기,사사 옷니엘,이스라엘 자손이 여호와의 목전에 악을 행하여 자기들의 하나님 여호와를 잊어버리고 바알들과 아세라들을 섬긴지라,judges_period,93,track_main,high
EVT0094,OT,사사기,드보라와 바락의 노래,이 날에 드보라와 아비노암의 아들 바락이 노래하여 이르되,judges_period,94,track_main,high
EVT0095,OT,사사기,아비멜렉,여룹바알의 아들 아비멜렉이 세겜에 가서 그의 어머니의 형제에게 이르러 그들과 그의 외조부의 집의 온 가족에게 말하여 이르되,judges_period,95,track_main,high
EVT0096,OT,사사기,입다의 딸,입다가 미스바에 있는 자기 집에 이를 때에 보라 그의 딸이 소고를 잡고 춤추며 나와서 영접하니 이는 그의 무남독녀라,judges_period,96,track_main,high
EVT0097,OT,사사기,삼손과 딤나의 여자,삼손이 딤나에 내려가서 거기서 블레셋 사람의 딸들 중에서 한 여자를 보고,judges_period,97,track_main,high
EVT0098,OT,사사기,삼손이 죽다,블레셋 사람의 방백들이 이르되 우리의 신이 우리 원수 삼손을 우리 손에 넘겨 주었다 하고 다 모여 그들의 신 다곤에게 큰 제사를 드리고 즐거워하고,judges_period,98,track_main,high
EVT0099,OT,사사기,이스라엘과 베냐민 자손이 싸우다,베냐민 자손 외에 이스라엘 사람으로서 칼을 빼는 자의 수는 사십만 명이니 다 전사라,judges_period,99,track_main,high
EVT0100,OT,룻기,룻이 보아스를 만나다,나오미의 남편 엘리멜렉의 친족으로 유력한 자가 있으니 그의 이름은 보아스더라,judges_period,100,track_main,high
EVT0101,OT,사무엘상,한나와 엘리,그들이 실로에서 먹고 마신 후에 한나가 일어나니 그 때에 제사장 엘리는 여호와의 전 문설주 곁 의자에 앉아 있었더라,united_monarchy,101,track_main,high
EVT0102,OT,사무엘상,실로에 머문 사무엘,사무엘은 어렸을 때에 세마포 에봇을 입고 여호와 앞에서 섬겼더라,united_monarchy,102,track_main,high
EVT0103,OT,사무엘상,비느하스의 아내가 죽다,그의 며느리인 비느하스의 아내가 임신하여 해산 때가 가까웠더니 하나님의 궤를 빼앗긴 것과 그의 시아버지와 남편이 죽은 소식을 듣고 갑자기 아파서 몸을 구푸려…,united_monarchy,103,track_main,high
EVT0104,OT,사무엘상,사무엘이 이스라엘을 다스리다,사무엘이 이스라엘 온 족속에게 말하여 이르되 만일 너희가 전심으로 여호와께 돌아오려거든 이방 신들과 아스다롯을 너희 중에서 제거하고 너희 마음을 여호와께로 …,united_monarchy,104,track_main,high
EVT0105,OT,사무엘상,사울이 암몬 사람을 치다,암몬 사람 나하스가 올라와서 길르앗 야베스에 맞서 진 치매 야베스 모든 사람들이 나하스에게 이르되 우리와 언약하자 그리하면 우리가 너를 섬기리라 하니,united_monarchy,105,track_main,high
EVT0106,OT,사무엘상,요나단이 블레셋을 습격하다,하루는 사울의 아들 요나단이 자기의 무기를 든 소년에게 이르되 우리가 건너편 블레셋 사람들의 부대로 건너가자 하고 그의 아버지에게는 아뢰지 아니하였더라,united_monarchy,106,track_main,high
EVT0107,OT,사무엘상,사울이 아말렉을 치다,사무엘이 사울에게 이르되 여호와께서 나를 보내어 왕에게 기름을 부어 그의 백성 이스라엘 위에 왕으로 삼으셨은즉 이제 왕은 여호와의 말씀을 들으소서,united_monarchy,107,track_main,high
EVT0108,OT,사무엘상,골리앗이 이스라엘의 군대를 모욕하다,블레셋 사람들이 그들의 군대를 모으고 싸우고자 하여 유다에 속한 소고에 모여 소고와 아세가 사이의 에베스담밈에 진 치매,united_monarchy,108,track_main,high
EVT0109,OT,사무엘상,사울이 불쾌하여 다윗을 주목하다,무리가 돌아올 때 곧 다윗이 블레셋 사람을 죽이고 돌아올 때에 여인들이 이스라엘 모든 성읍에서 나와서 노래하며 춤추며 소고와 경쇠를 가지고 왕 사울을 환영하…,united_monarchy,109,track_main,high
EVT0110,OT,사무엘상,사울이 놉의 제사장들을 죽이다,그러므로 다윗이 그 곳을 떠나 아둘람 굴로 도망하매 그의 형제와 아버지의 온 집이 듣고 그리로 내려가서 그에게 이르렀고,united_monarchy,110,track_main,high
EVT0111,OT,사무엘상,사무엘이 죽다,사무엘이 죽으매 온 이스라엘 무리가 모여 그를 두고 슬피 울며 라마 그의 집에서 그를 장사한지라 다윗이 일어나 바란 광야로 내려가니라,united_monarchy,111,track_main,high
EVT0112,OT,사무엘상,블레셋 사람들이 다윗을 좋아하지 아니하다,블레셋 사람들은 그들의 모든 군대를 아벡에 모았고 이스라엘 사람들은 이스르엘에 있는 샘 곁에 진 쳤더라,united_monarchy,112,track_main,high
EVT0113,OT,사무엘하,다윗이 슬픈 노래로 사울과 요나단을 조상하다,다윗이 이 슬픈 노래로 사울과 그의 아들 요나단을 조상하고,united_monarchy,113,track_main,high
EVT0114,OT,사무엘하,아브넬이 이스보셋을 배반하다,사울의 집과 다윗의 집 사이에 전쟁이 있는 동안에 아브넬이 사울의 집에서 점점 권세를 잡으니라,united_monarchy,114,track_main,high
EVT0115,OT,사무엘하,다윗이 온 이스라엘의 왕이 되다(대상 11:1-3),이스라엘 모든 지파가 헤브론에 이르러 다윗에게 나아와 이르되 보소서 우리는 왕의 한 골육이니이다,united_monarchy,115,track_main,high
EVT0116,OT,사무엘하,나단이 계시대로 다윗에게 말하다(대상 17:1-15),여호와께서 주위의 모든 원수를 무찌르사 왕으로 궁에 평안히 살게 하신 때에,united_monarchy,116,track_main,high
EVT0117,OT,사무엘하,다윗이 암몬과 싸우다(대상 19:1-19),그 후에 암몬 자손의 왕이 죽고 그의 아들 하눈이 대신하여 왕이 되니,united_monarchy,117,track_main,high
EVT0118,OT,사무엘하,암논과 다말,그 후에 이 일이 있으니라 다윗의 아들 압살롬에게 아름다운 누이가 있으니 이름은 다말이라 다윗의 다른 아들 암논이 그를 사랑하나,united_monarchy,118,track_main,high
EVT0119,OT,사무엘하,압살롬이 반역하다,그 후에 압살롬이 자기를 위하여 병거와 말들을 준비하고 호위병 오십 명을 그 앞에 세우니라,united_monarchy,119,track_main,high
EVT0120,OT,사무엘하,후새가 아히도벨의 계략을 따르지 않다,아히도벨이 또 압살롬에게 이르되 이제 내가 사람 만 이천 명을 택하게 하소서 오늘 밤에 내가 일어나서 다윗의 뒤를 추적하여,united_monarchy,120,track_main,high
EVT0121,OT,사무엘하,요압이 다윗에게 항의하다,어떤 사람이 요압에게 아뢰되 왕이 압살롬을 위하여 울며 슬퍼하시나이다 하니,united_monarchy,121,track_main,high
EVT0122,OT,사무엘하,세바의 반역,마침 거기에 불량배 하나가 있으니 그의 이름은 세바인데 베냐민 사람 비그리의 아들이었더라 그가 나팔을 불며 이르되 우리는 다윗과 나눌 분깃이 없으며 이새의 …,united_monarchy,122,track_main,high
EVT0123,OT,사무엘하,다윗의 마지막 말,"이는 다윗의 마지막 말이라 이새의 아들 다윗이 말함이여 높이 세워진 자, 야곱의 하나님께로부터 기름 부음 받은 자, 이스라엘의 노래 잘 하는 자가 말하노라",united_monarchy,123,track_main,high
EVT0124,OT,열왕기상,아도니야가 왕이 되고자 하다,그 때에 학깃의 아들 아도니야가 스스로 높여서 이르기를 내가 왕이 되리라 하고 자기를 위하여 병거와 기병과 호위병 오십 명을 준비하니,monarchy_exile,124,track_main,high
EVT0125,OT,열왕기상,아비아달의 추방과 요압의 처형,왕이 제사장 아비아달에게 이르되 네 고향 아나돗으로 가라 너는 마땅히 죽을 자이로되 네가 내 아버지 다윗 앞에서 주 여호와의 궤를 메었고 또 내 아버지가 모…,monarchy_exile,125,track_main,high
EVT0126,OT,열왕기상,솔로몬이 거느린 신하들,솔로몬 왕이 온 이스라엘의 왕이 되었고,monarchy_exile,126,track_main,high
EVT0127,OT,열왕기상,솔로몬의 궁,솔로몬이 자기의 왕궁을 십삼 년 동안 건축하여 그 전부를 준공하니라,monarchy_exile,127,track_main,high
EVT0128,OT,열왕기상,언약궤를 성전으로 옮기다(대하 5:2-6:2),이에 솔로몬이 여호와의 언약궤를 다윗 성 곧 시온에서 메어 올리고자 하여 이스라엘 장로와 모든 지파의 우두머리 곧 이스라엘 자손의 족장들을 예루살렘에 있는 …,monarchy_exile,128,track_main,medium
EVT0129,OT,열왕기상,성전 봉헌식(대하 7:4-10),이에 왕과 및 왕과 함께 한 이스라엘이 다 여호와 앞에 희생제물을 드리니라,monarchy_exile,129,track_main,medium
EVT0130,OT,열왕기상,솔로몬의 재산과 지혜(대하 9:13-29),솔로몬의 세입금의 무게가 금 육백육십육 달란트요,monarchy_exile,130,track_main,high
EVT0131,OT,열왕기상,북쪽 지파들의 배반(대하 10:1-19),르호보암이 세겜으로 갔으니 이는 온 이스라엘이 그를 왕으로 삼고자 하여 세겜에 이르렀음이더라,monarchy_exile,131,track_main,high
EVT0132,OT,열왕기상,벧엘의 늙은 선지자,벧엘에 한 늙은 선지자가 살더니 그의 아들들이 와서 이 날에 하나님의 사람이 벧엘에서 행한 모든 일을 그에게 말하고 또 그가 왕에게 하신 말씀도 그들이 그의…,monarchy_exile,132,track_main,high
EVT0133,OT,열왕기상,유다 왕 아비얌(대하 13:1-14:1),느밧의 아들 여로보암 왕 열여덟째 해에 아비얌이 유다 왕이 되고,monarchy_exile,133,track_main,high
EVT0134,OT,열왕기상,이스라엘 왕 시므리,유다의 아사 왕 제이십칠년에 시므리가 디르사에서 칠 일 동안 왕이 되니라 그 때에 백성들이 블레셋 사람에게 속한 깁브돈을 향하여 진을 치고 있더니,monarchy_exile,134,track_main,high
EVT0135,OT,열왕기상,엘리야와 사르밧 과부,여호와의 말씀이 엘리야에게 임하여 이르시되,monarchy_exile,135,track_main,high
EVT0136,OT,열왕기상,아람과 이스라엘의 싸움,아람의 벤하닷 왕이 그의 군대를 다 모으니 왕 삼십이 명이 그와 함께 있고 또 말과 병거들이 있더라 이에 올라가서 사마리아를 에워싸고 그 곳을 치며,monarchy_exile,136,track_main,high
EVT0137,OT,열왕기상,아합의 죽음(대하 18:28-34),이스라엘의 왕과 유다의 여호사밧 왕이 길르앗 라못으로 올라가니라,monarchy_exile,137,track_main,high
EVT0138,OT,열왕기하,엘리야가 하늘로 올라가다,여호와께서 회오리 바람으로 엘리야를 하늘로 올리고자 하실 때에 엘리야가 엘리사와 더불어 길갈에서 나가더니,monarchy_exile,138,track_main,high
EVT0139,OT,열왕기하,두 가지 기적,엘리사가 다시 길갈에 이르니 그 땅에 흉년이 들었는데 선지자의 제자들이 엘리사의 앞에 앉은지라 엘리사가 자기 사환에게 이르되 큰 솥을 걸고 선지자의 제자들을…,monarchy_exile,139,track_main,high
EVT0140,OT,열왕기하,에워싸인 사마리아가 굶주리다,이 후에 아람 왕 벤하닷이 그의 온 군대를 모아 올라와서 사마리아를 에워싸니,monarchy_exile,140,track_main,high
EVT0141,OT,열왕기하,유다 왕 아하시야(대하 22:1-6),이스라엘의 왕 아합의 아들 요람 제십이년에 유다 왕 여호람의 아들 아하시야가 왕이 되니,monarchy_exile,141,track_main,high
EVT0142,OT,열왕기하,이세벨 왕후가 살해되다,예후가 이스르엘에 오니 이세벨이 듣고 눈을 그리고 머리를 꾸미고 창에서 바라보다가,monarchy_exile,142,track_main,high
EVT0143,OT,열왕기하,예후가 죽다,이 때에 여호와께서 이스라엘에서 땅을 잘라 내기 시작하시매 하사엘이 이스라엘의 모든 영토에서 공격하되,monarchy_exile,143,track_main,high
EVT0144,OT,열왕기하,이스라엘 왕 여호아하스,유다의 왕 아하시야의 아들 요아스의 제이십삼 년에 예후의 아들 여호아하스가 사마리아에서 이스라엘 왕이 되어 십칠 년간 다스리며,monarchy_exile,144,track_main,high
EVT0145,OT,열왕기하,유다 왕 아마샤가 죽다(대하 25:25-28),이스라엘의 왕 여호아하스의 아들 요아스가 죽은 후에도 유다의 왕 요아스의 아들 아마샤가 십오 년간을 생존하였더라,monarchy_exile,145,track_main,high
EVT0146,OT,열왕기하,이스라엘 왕 살룸,유다 왕 웃시야 제삼십구년에 야베스의 아들 살룸이 사마리아에서 왕이 되어 한 달 동안 다스리니라,monarchy_exile,146,track_main,high
EVT0147,OT,열왕기하,유다 왕 아하스(대하 28:1-27),르말랴의 아들 베가 제십칠년에 유다의 왕 요담의 아들 아하스가 왕이 되니,monarchy_exile,147,track_main,high
EVT0148,OT,열왕기하,유다 왕 히스기야(대하 29:1-2; 31:1),이스라엘의 왕 엘라의 아들 호세아 제삼년에 유다 왕 아하스의 아들 히스기야가 왕이 되니,monarchy_exile,148,track_main,high
EVT0149,OT,열왕기하,산헤립이 죽다,이 밤에 여호와의 사자가 나와서 앗수르 진영에서 군사 십팔만 오천 명을 친지라 아침에 일찍이 일어나 보니 다 송장이 되었더라,monarchy_exile,149,track_main,high
EVT0150,OT,열왕기하,유다 왕 므낫세(대하 33:1-20),므낫세가 왕이 될 때에 나이가 십이 세라 예루살렘에서 오십오 년간 다스리니라 그의 어머니의 이름은 헵시바더라,monarchy_exile,150,track_main,high
EVT0151,OT,열왕기하,요시야 왕이 유월절을 지키다(대하 35:1-19),왕이 뭇 백성에게 명령하여 이르되 이 언약책에 기록된 대로 너희의 하나님 여호와를 위하여 유월절을 지키라 하매,monarchy_exile,151,track_main,high
EVT0152,OT,열왕기하,유다 왕 여호야김(대하 36:5-8),여호야김이 왕이 될 때에 나이가 이십오 세라 예루살렘에서 십일 년간 다스리니라 그의 어머니의 이름은 스비다라 루마 브다야의 딸이더라,monarchy_exile,152,track_main,high
EVT0153,OT,열왕기하,유다 백성이 바벨론으로 사로잡혀 가다(렘 52:24-27),시위대장이 대제사장 스라야와 부제사장 스바냐와 성전 문지기 세 사람을 사로잡고,monarchy_exile,153,track_main,high
EVT0154,OT,역대상,이스마엘의 세계(창 25:12-16),아브라함의 자손은 이삭과 이스마엘이라,monarchy_exile,154,track_main,high
EVT0155,OT,역대상,다윗의 가계,헤스론이 낳은 아들은 여라므엘과 람과 글루배라,monarchy_exile,155,track_main,high
EVT0156,OT,역대상,솔로몬 왕의 자손,솔로몬의 아들은 르호보암이요 그의 아들은 아비야요 그의 아들은 아사요 그의 아들은 여호사밧이요,monarchy_exile,156,track_main,high
EVT0157,OT,역대상,르우벤의 자손,이스라엘의 장자 르우벤의 아들들은 이러하니라 (르우벤은 장자라도 그의 아버지의 침상을 더럽혔으므로 장자의 명분이 이스라엘의 아들 요셉의 자손에게로 돌아가서 …,monarchy_exile,157,track_main,high
EVT0158,OT,역대상,레위의 가계,레위의 아들들은 게르손과 그핫과 므라리요,monarchy_exile,158,track_main,high
EVT0159,OT,역대상,레위 사람의 정착지,그들의 거주한 곳은 사방 지계 안에 있으니 그들의 마을은 아래와 같으니라 아론 자손 곧 그핫 종족이 먼저 제비 뽑았으므로,monarchy_exile,159,track_main,high
EVT0160,OT,역대상,에브라임의 자손,에브라임의 아들은 수델라요 그의 아들은 베렛이요 그의 아들은 다핫이요 그의 아들은 엘르아다요 그의 아들은 다핫이요,monarchy_exile,160,track_main,high
EVT0161,OT,역대상,포로 생활에서 돌아온 백성,온 이스라엘이 그 계보대로 계수되어 그들은 이스라엘 왕조실록에 기록되니라 유다가 범죄함으로 말미암아 바벨론으로 사로잡혀 갔더니,monarchy_exile,161,track_main,high
EVT0162,OT,역대상,사울의 족보(대상 8:29-38),기브온의 조상 여이엘은 기브온에 거주하였으니 그의 아내의 이름은 마아가라,monarchy_exile,162,track_main,low
EVT0163,OT,역대상,베냐민 지파에서 다윗을 도운 용사들,다윗이 기스의 아들 사울로 말미암아 시글락에 숨어 있을 때에 그에게 와서 싸움을 도운 용사 중에 든 자가 있었으니,monarchy_exile,163,track_main,high
EVT0164,OT,역대상,하나님의 궤를 옮기다(삼하 6:1-11),다윗이 천부장과 백부장 곧 모든 지휘관과 더불어 의논하고,monarchy_exile,164,track_main,high
EVT0165,OT,역대상,하나님의 궤를 예루살렘으로 옮기다(삼하 6:12-22),이에 다윗과 이스라엘 장로들과 천부장들이 가서 여호와의 언약궤를 즐거이 메고 오벧에돔의 집에서 올라왔는데,monarchy_exile,165,track_main,high
EVT0166,OT,역대상,다윗의 승전 기록(삼하 8:1-18),그 후에 다윗이 블레셋 사람들을 쳐서 항복을 받고 블레셋 사람들의 손에서 가드와 그 동네를 빼앗고,monarchy_exile,166,track_main,high
EVT0167,OT,역대상,다윗의 인구 조사(삼하 24:1-25),사탄이 일어나 이스라엘을 대적하고 다윗을 충동하여 이스라엘을 계수하게 하니라,monarchy_exile,167,track_main,medium
EVT0168,OT,역대상,찬송을 맡은 사람들,다윗이 군대 지휘관들과 더불어 아삽과 헤만과 여두둔의 자손 중에서 구별하여 섬기게 하되 수금과 비파와 제금을 잡아 신령한 노래를 하게 하였으니 그 직무대로 …,monarchy_exile,168,track_main,high
EVT0169,OT,역대상,모든 가문의 우두머리와 관원들,이스라엘 자손의 모든 가문의 우두머리와 천부장과 백부장과 왕을 섬기는 관원들이 그들의 숫자대로 반이 나누이니 각 반열이 이만 사천 명씩이라 일 년 동안 달마…,monarchy_exile,169,track_main,high
EVT0170,OT,역대상,성전 건축에 쓸 예물,다윗 왕이 온 회중에게 이르되 내 아들 솔로몬이 유일하게 하나님께서 택하신 바 되었으나 아직 어리고 미숙하며 이 공사는 크도다 이 성전은 사람을 위한 것이 …,monarchy_exile,170,track_main,medium
EVT0171,OT,역대하,솔로몬의 부귀영화(왕상 10:26-29),솔로몬이 병거와 마병을 모으매 병거가 천사백 대요 마병이 만 이천 명이라 병거성에도 두고 예루살렘 왕에게도 두었으며,monarchy_exile,171,track_main,high
EVT0172,OT,역대하,성전 안에 있는 물건들(왕상 7:23-51),솔로몬이 또 놋으로 제단을 만들었으니 길이가 이십 규빗이요 너비가 이십 규빗이요 높이가 십 규빗이며,monarchy_exile,172,track_main,medium
EVT0173,OT,역대하,성전 낙성식(왕상 8:62-66),솔로몬이 기도를 마치매 불이 하늘에서부터 내려와서 그 번제물과 제물들을 사르고 여호와의 영광이 그 성전에 가득하니,monarchy_exile,173,track_main,medium
EVT0174,OT,역대하,솔로몬의 재산과 지혜(왕상 10:14-25),솔로몬의 세입금의 무게가 금 육백육십육 달란트요,monarchy_exile,174,track_main,high
EVT0175,OT,역대하,르호보암이 방비하는 성읍들을 건축하다,르호보암이 예루살렘에 살면서 유다 땅에 방비하는 성읍들을 건축하였으니,monarchy_exile,175,track_main,high
EVT0176,OT,역대하,아비야와 여로보암의 전쟁(왕상 15:1-8),여로보암 왕 열여덟째 해에 아비야가 유다의 왕이 되고,monarchy_exile,176,track_main,high
EVT0177,OT,역대하,선견자 하나니,그 때에 선견자 하나니가 유다 왕 아사에게 나와서 그에게 이르되 왕이 아람 왕을 의지하고 왕의 하나님 여호와를 의지하지 아니하였으므로 아람 왕의 군대가 왕의…,monarchy_exile,177,track_main,high
EVT0178,OT,역대하,아합이 죽다(왕상 22:29-35),이스라엘 왕과 유다 왕 여호사밧이 길르앗 라못으로 올라가니라,monarchy_exile,178,track_main,high
EVT0179,OT,역대하,여호사밧의 행적(왕상 22:41-50),여호사밧이 유다의 왕이 되어 왕위에 오를 때에 나이가 삼십오 세라 예루살렘에서 이십오 년 동안 다스리니라 그의 어머니의 이름은 아수바라 실히의 딸이더라,monarchy_exile,179,track_main,high
EVT0180,OT,역대하,아달랴에 대한 반역(왕하 11:4-16),제칠년에 여호야다가 용기를 내어 백부장 곧 여로함의 아들 아사랴와 여호하난의 아들 이스마엘과 오벳의 아들 아사랴와 아다야의 아들 마아세야와 시그리의 아들 엘…,monarchy_exile,180,track_main,high
EVT0181,OT,역대하,유다 왕 아마샤(왕하 14:2-6),아마샤가 왕위에 오를 때에 나이가 이십오 세라 예루살렘에서 이십구 년 동안 다스리니라 그의 어머니의 이름은 여호앗단이요 예루살렘 사람이더라,monarchy_exile,181,track_main,high
EVT0182,OT,역대하,웃시야에게 나병이 생기다,그가 강성하여지매 그의 마음이 교만하여 악을 행하여 그의 하나님 여호와께 범죄하되 곧 여호와의 성전에 들어가서 향단에 분향하려 한지라,monarchy_exile,182,track_main,high
EVT0183,OT,역대하,아하스의 범죄,이 아하스 왕이 곤고할 때에 더욱 여호와께 범죄하여,monarchy_exile,183,track_main,high
EVT0184,OT,역대하,유월절을 성대히 지키다,둘째 달에 백성이 무교절을 지키려 하여 예루살렘에 많이 모이니 매우 큰 모임이라,monarchy_exile,184,track_main,high
EVT0185,OT,역대하,"히스기야의 병과 교만(왕하 20:1-3, 12-19; 사 38:1-3; 39:1-8)",그 때에 히스기야가 병들어 죽게 되었으므로 여호와께 기도하매 여호와께서 그에게 대답하시고 또 이적을 보이셨으나,monarchy_exile,185,track_main,high
EVT0186,OT,역대하,므낫세가 죽다(왕하 21:17-18),그 후에 다윗 성 밖 기혼 서쪽 골짜기 안에 외성을 쌓되 어문 어귀까지 이르러 오벨을 둘러 매우 높이 쌓고 또 유다 모든 견고한 성읍에 군대 지휘관을 두며,monarchy_exile,186,track_main,high
EVT0187,OT,역대하,여호와께 순종하기로 하다(왕하 23:1-20),왕이 사람을 보내어 유다와 예루살렘의 모든 장로를 불러 모으고,monarchy_exile,187,track_main,high
EVT0188,OT,역대하,유다 왕 여호야긴(왕하 24:8-17),여호야긴이 왕위에 오를 때에 나이가 팔 세라 예루살렘에서 석달 열흘 동안 다스리며 여호와 보시기에 악을 행하였더라,monarchy_exile,188,track_main,high
EVT0189,OT,에스라,사로잡혀 간 백성이 돌아오다,이에 유다와 베냐민 족장들과 제사장들과 레위 사람들과 그 마음이 하나님께 감동을 받고 올라가서 예루살렘에 여호와의 성전을 건축하고자 하는 자가 다 일어나니,exile_return,189,track_main,high
EVT0190,OT,에스라,성전 건축을 방해하는 사람들,사로잡혔던 자들의 자손이 이스라엘의 하나님 여호와의 성전을 건축한다 함을 유다와 베냐민의 대적이 듣고,exile_return,190,track_main,medium
EVT0191,OT,에스라,유월절,사로잡혔던 자의 자손이 첫째 달 십사일에 유월절을 지키되,exile_return,191,track_main,high
EVT0192,OT,에스라,에스라와 함께 돌아온 백성들,아닥사스다 왕이 왕위에 있을 때에 나와 함께 바벨론에서 올라온 족장들과 그들의 계보는 이러하니라,exile_return,192,track_main,high
EVT0193,OT,에스라,에스라의 회개 기도,이 일 후에 방백들이 내게 나아와 이르되 이스라엘 백성과 제사장들과 레위 사람들이 이 땅 백성들에게서 떠나지 아니하고 가나안 사람들과 헷 사람들과 브리스 사…,exile_return,193,track_main,high
EVT0194,OT,느헤미야,느헤미야가 예루살렘으로 가다,아닥사스다 왕 제이십년 니산월에 왕 앞에 포도주가 있기로 내가 그 포도주를 왕에게 드렸는데 이전에는 내가 왕 앞에서 수심이 없었더니,exile_return,194,track_main,high
EVT0195,OT,느헤미야,느헤미야가 총독의 녹을 받지 아니하다,또한 유다 땅 총독으로 세움을 받은 때 곧 아닥사스다 왕 제이십년부터 제삼십이년까지 십이 년 동안은 나와 내 형제들이 총독의 녹을 먹지 아니하였느니라,exile_return,195,track_main,high
EVT0196,OT,느헤미야,백성 앞에서 율법책을 읽다,이와 같이 제사장들과 레위 사람들과 문지기들과 노래하는 자들과 백성 몇 명과 느디님 사람들과 온 이스라엘 자손이 다 자기들의 성읍에 거주하였느니라,exile_return,196,track_main,high
EVT0197,OT,느헤미야,마을과 주변 동네들에 거주하는 백성들,마을과 들로 말하면 유다 자손의 일부는 기럇 아르바와 그 주변 동네들과 디본과 그 주변 동네들과 여갑스엘과 그 마을들에 거주하며,exile_return,197,track_main,high
EVT0198,OT,느헤미야,느헤미야가 성벽을 봉헌하다,예루살렘 성벽을 봉헌하게 되니 각처에서 레위 사람들을 찾아 예루살렘으로 데려다가 감사하며 노래하며 제금을 치며 비파와 수금을 타며 즐거이 봉헌식을 행하려 하매,exile_return,198,track_main,high
EVT0199,OT,에스더,에스더가 왕후가 되다,그 후에 아하수에로 왕의 노가 그치매 와스디와 그가 행한 일과 그에 대하여 내린 조서를 생각하거늘,exile_return,199,track_main,high
EVT0200,OT,에스더,에스더가 왕과 하만을 잔치에 청하다,제삼일에 에스더가 왕후의 예복을 입고 왕궁 안 뜰 곧 어전 맞은편에 서니 왕이 어전에서 전 문을 대하여 왕좌에 앉았다가,exile_return,200,track_main,high
EVT0201,OT,에스더,유다 사람이 대적들을 진멸하다,아달월 곧 열두째 달 십삼일은 왕의 어명을 시행하게 된 날이라 유다인의 대적들이 그들을 제거하기를 바랐더니 유다인이 도리어 자기들을 미워하는 자들을 제거하게…,exile_return,201,track_main,high
EVT0202,OT,다니엘,느부갓네살의 꿈,느부갓네살이 다스린 지 이 년이 되는 해에 느부갓네살이 꿈을 꾸고 그로 말미암아 마음이 번민하여 잠을 이루지 못한지라,exile_return,202,track_main,high
EVT0203,OT,다니엘,금 신상 숭배,느부갓네살 왕이 금으로 신상을 만들었으니 높이는 육십 규빗이요 너비는 여섯 규빗이라 그것을 바벨론 지방의 두라 평지에 세웠더라,exile_return,203,track_main,high
EVT0204,OT,다니엘,다니엘의 꿈 해석,벨드사살이라 이름한 다니엘이 한동안 놀라며 마음으로 번민하는지라 왕이 그에게 말하여 이르기를 벨드사살아 너는 이 꿈과 그 해석으로 말미암아 번민할 것이 아니…,exile_return,204,track_main,high
EVT0205,OT,다니엘,사자 굴 속의 다니엘,다리오가 자기의 뜻대로 고관 백이십 명을 세워 전국을 통치하게 하고,exile_return,205,track_main,high
EVT0206,OT,다니엘,숫양과 숫염소의 환상,나 다니엘에게 처음에 나타난 환상 후 벨사살 왕 제삼년에 다시 한 환상이 나타나니라,exile_return,206,track_main,high
EVT0207,OT,다니엘,남방 왕과 북방 왕이 싸우리라,이제 내가 참된 것을 네게 보이리라 보라 바사에서 또 세 왕들이 일어날 것이요 그 후의 넷째는 그들보다 심히 부요할 것이며 그가 그 부요함으로 강하여진 후에…,exile_return,207,track_main,high
EVT0208,OT,요나,요나가 여호와를 피하여 달아나다,여호와의 말씀이 아밋대의 아들 요나에게 임하니라 이르시되,prophetic_mission,208,track_main,high
EVT0209,OT,요나,니느웨 백성의 회개,여호와의 말씀이 두 번째로 요나에게 임하니라 이르시되,prophetic_mission,209,track_main,high
EVT0210,NT,마태복음,예수 그리스도의 나심(눅 2:1-7),예수 그리스도의 나심은 이러하니라 그의 어머니 마리아가 요셉과 약혼하고 동거하기 전에 성령으로 잉태된 것이 나타났더니,life_of_jesus,210,track_main,high
EVT0211,NT,마태복음,세례 요한이 천국을 전파하다(막 1:1-8; 눅 3:1-18; 요 1:19-28),그 때에 세례 요한이 이르러 유대 광야에서 전파하여 말하되,life_of_jesus,211,track_main,high
EVT0212,NT,마태복음,가르치시며 전파하시며 고치시다(눅 6:17-19),예수께서 온 갈릴리에 두루 다니사 그들의 회당에서 가르치시며 천국 복음을 전파하시며 백성 중의 모든 병과 모든 약한 것을 고치시니,life_of_jesus,212,track_main,high
EVT0213,NT,마태복음,노하지 말라,옛 사람에게 말한 바 살인하지 말라 누구든지 살인하면 심판을 받게 되리라 하였다는 것을 너희가 들었으나,life_of_jesus,213,track_main,high
EVT0214,NT,마태복음,구제함을 은밀하게 하라,사람에게 보이려고 그들 앞에서 너희 의를 행하지 않도록 주의하라 그리하지 아니하면 하늘에 계신 너희 아버지께 상을 받지 못하느니라,life_of_jesus,214,track_main,high
EVT0215,NT,마태복음,"비판하지 말라(눅 6:37-38, 41-42)",비판을 받지 아니하려거든 비판하지 말라,life_of_jesus,215,track_main,high
EVT0216,NT,마태복음,나병환자를 깨끗하게 하시다(막 1:40-45; 눅 5:12-16),예수께서 산에서 내려 오시니 수많은 무리가 따르니라,life_of_jesus,216,track_main,high
EVT0217,NT,마태복음,바람과 바다를 잔잔하게 하시다(막 4:35-41; 눅 8:22-25),배에 오르시매 제자들이 따랐더니,life_of_jesus,217,track_main,high
EVT0218,NT,마태복음,한 관리의 딸과 예수의 옷을 만진 여자(막 5:21-43; 눅 8:40-56),예수께서 이 말씀을 하실 때에 한 관리가 와서 절하며 이르되 내 딸이 방금 죽었사오나 오셔서 그 몸에 손을 얹어 주소서 그러면 살아나겠나이다 하니,life_of_jesus,218,track_main,high
EVT0219,NT,마태복음,열두 제자를 부르시다(막 3:13-19; 눅 6:12-16),예수께서 그의 열두 제자를 부르사 더러운 귀신을 쫓아내며 모든 병과 모든 약한 것을 고치는 권능을 주시니라,life_of_jesus,219,track_main,high
EVT0220,NT,마태복음,검을 주러 왔다(눅 12:51-53; 14:26-27),내가 세상에 화평을 주러 온 줄로 생각하지 말라 화평이 아니요 검을 주러 왔노라,life_of_jesus,220,track_main,high
EVT0221,NT,마태복음,안식일에 밀 이삭을 자르다(막 2:23-28; 눅 6:1-5),그 때에 예수께서 안식일에 밀밭 사이로 가실새 제자들이 시장하여 이삭을 잘라 먹으니,life_of_jesus,221,track_main,high
EVT0222,NT,마태복음,예수의 어머니와 형제 자매(막 3:31-35; 눅 8:19-21),예수께서 무리에게 말씀하실 때에 그의 어머니와 동생들이 예수께 말하려고 밖에 섰더니,life_of_jesus,222,track_main,high
EVT0223,NT,마태복음,가라지 비유를 설명하시다,이에 예수께서 무리를 떠나사 집에 들어가시니 제자들이 나아와 이르되 밭의 가라지의 비유를 우리에게 설명하여 주소서,life_of_jesus,223,track_main,high
EVT0224,NT,마태복음,세례 요한의 죽음(막 6:14-29; 눅 9:7-9),그 때에 분봉 왕 헤롯이 예수의 소문을 듣고,life_of_jesus,224,track_main,high
EVT0225,NT,마태복음,가나안 여자의 믿음(막 7:24-30),예수께서 거기서 나가사 두로와 시돈 지방으로 들어가시니,life_of_jesus,225,track_main,high
EVT0226,NT,마태복음,바리새인과 사두개인들의 누룩(막 8:14-21),제자들이 건너편으로 갈새 떡 가져가기를 잊었더니,life_of_jesus,226,track_main,high
EVT0227,NT,마태복음,죽음과 부활을 다시 이르시다(막 9:30-32; 눅 9:43 하-45),갈릴리에 모일 때에 예수께서 제자들에게 이르시되 인자가 장차 사람들의 손에 넘겨져,life_of_jesus,227,track_main,high
EVT0228,NT,마태복음,용서할 줄 모르는 종 비유,그 때에 베드로가 나아와 이르되 주여 형제가 내게 죄를 범하면 몇 번이나 용서하여 주리이까 일곱 번까지 하오리이까,life_of_jesus,228,track_main,high
EVT0229,NT,마태복음,포도원의 품꾼들,천국은 마치 품꾼을 얻어 포도원에 들여보내려고 이른 아침에 나간 집 주인과 같으니,life_of_jesus,229,track_main,high
EVT0230,NT,마태복음,성전을 깨끗하게 하시다(막 11:15-19; 눅 19:45-48; 요 2:13-22),예수께서 성전에 들어가사 성전 안에서 매매하는 모든 사람들을 내쫓으시며 돈 바꾸는 사람들의 상과 비둘기 파는 사람들의 의자를 둘러 엎으시고,life_of_jesus,230,track_main,medium
EVT0231,NT,마태복음,혼인 잔치 비유(눅 14:15-24),예수께서 다시 비유로 대답하여 이르시되,life_of_jesus,231,track_main,high
EVT0232,NT,마태복음,서기관들과 바리새인들을 꾸짖으시다(막 12:38-40; 눅 11:37-52; 20:45-47),이에 예수께서 무리와 제자들에게 말씀하여 이르시되,life_of_jesus,232,track_main,high
EVT0233,NT,마태복음,가장 큰 환난(막 13:14-23; 눅 21:20-24),그러므로 너희가 선지자 다니엘이 말한 바 멸망의 가증한 것이 거룩한 곳에 선 것을 보거든 (읽는 자는 깨달을진저),life_of_jesus,233,track_main,high
EVT0234,NT,마태복음,인자가 모든 천사와 함께 올 때,인자가 자기 영광으로 모든 천사와 함께 올 때에 자기 영광의 보좌에 앉으리니,life_of_jesus,234,track_main,high
EVT0235,NT,마태복음,마지막 만찬(막 14:12-26; 눅 22:7-23; 요 13:21-30; 고전 11:23-25),무교절의 첫날에 제자들이 예수께 나아와서 이르되 유월절 음식 잡수실 것을 우리가 어디서 준비하기를 원하시나이까,life_of_jesus,235,track_main,high
EVT0236,NT,마태복음,"베드로가 예수를 알지 못한다고 하다(막 14:66-72; 눅 22:56-62; 요 18:15-18, 25-27)",베드로가 바깥 뜰에 앉았더니 한 여종이 나아와 이르되 너도 갈릴리 사람 예수와 함께 있었도다 하거늘,life_of_jesus,236,track_main,high
EVT0237,NT,마태복음,군병들이 예수를 희롱하다(막 15:16-20; 요 19:2-3),이에 총독의 군병들이 예수를 데리고 관정 안으로 들어가서 온 군대를 그에게로 모으고,life_of_jesus,237,track_main,high
EVT0238,NT,마태복음,살아나시다(막 16:1-8; 눅 24:1-12; 요 20:1-10),안식일이 다 지나고 안식 후 첫날이 되려는 새벽에 막달라 마리아와 다른 마리아가 무덤을 보려고 갔더니,life_of_jesus,238,track_main,high
EVT0239,NT,마가복음,세례를 받으시다(마 3:13-17; 눅 3:21-22),그 때에 예수께서 갈릴리 나사렛으로부터 와서 요단 강에서 요한에게 세례를 받으시고,life_of_jesus,239,track_main,high
EVT0240,NT,마가복음,많은 사람을 고치시다(마 8:14-17; 눅 4:38-41),회당에서 나와 곧 야고보와 요한과 함께 시몬과 안드레의 집에 들어가시니,life_of_jesus,240,track_main,high
EVT0241,NT,마가복음,레위를 부르시다(마 9:9-13; 눅 5:27-32),예수께서 다시 바닷가에 나가시매 큰 무리가 나왔거늘 예수께서 그들을 가르치시니라,life_of_jesus,241,track_main,high
EVT0242,NT,마가복음,열두 제자를 세우시다(마 10:1-4; 눅 6:12-16),또 산에 오르사 자기가 원하는 자들을 부르시니 나아온지라,life_of_jesus,242,track_main,high
EVT0243,NT,마가복음,비유를 설명하시다(마 13:10-23; 눅 8:9-15),예수께서 홀로 계실 때에 함께 한 사람들이 열두 제자와 더불어 그 비유들에 대하여 물으니,life_of_jesus,243,track_main,high
EVT0244,NT,마가복음,바람과 바다를 잔잔하게 하시다(마 8:23-27; 눅 8:22-25),그 날 저물 때에 제자들에게 이르시되 우리가 저편으로 건너가자 하시니,life_of_jesus,244,track_main,high
EVT0245,NT,마가복음,세례 요한의 죽음(마 14:1-12; 눅 9:7-9),이에 예수의 이름이 드러난지라 헤롯 왕이 듣고 이르되 이는 세례 요한이 죽은 자 가운데서 살아났도다 그러므로 이런 능력이 그 속에서 일어나느니라 하고,life_of_jesus,245,track_main,high
EVT0246,NT,마가복음,수로보니게 여자의 믿음(마 15:21-28),예수께서 일어나사 거기를 떠나 두로 지방으로 가서 한 집에 들어가 아무도 모르게 하시려 하나 숨길 수 없더라,life_of_jesus,246,track_main,high
EVT0247,NT,마가복음,바리새인들과 헤롯의 누룩(마 16:5-12),제자들이 떡 가져오기를 잊었으매 배에 떡 한 개밖에 그들에게 없더라,life_of_jesus,247,track_main,high
EVT0248,NT,마가복음,죽음과 부활을 두 번째로 말씀하시다(마 17:22-23; 눅 9:43 하-45),그 곳을 떠나 갈릴리 가운데로 지날새 예수께서 아무에게도 알리고자 아니하시니,life_of_jesus,248,track_main,high
EVT0249,NT,마가복음,어린 아이들을 축복하시다(마 19:13-15; 눅 18:15-17),사람들이 예수께서 만져 주심을 바라고 어린 아이들을 데리고 오매 제자들이 꾸짖거늘,life_of_jesus,249,track_main,high
EVT0250,NT,마가복음,예루살렘에 들어가시다(마 21:1-11; 눅 19:28-40; 요 12:12-19),그들이 예루살렘에 가까이 와서 감람 산 벳바게와 베다니에 이르렀을 때에 예수께서 제자 중 둘을 보내시며,life_of_jesus,250,track_main,high
EVT0251,NT,마가복음,예수의 권위를 두고 말하다(마 21:23-27; 눅 20:1-8),그들이 다시 예루살렘에 들어가니라 예수께서 성전에서 거니실 때에 대제사장들과 서기관들과 장로들이 나아와,life_of_jesus,251,track_main,high
EVT0252,NT,마가복음,그리스도와 다윗의 자손(마 22:41-46; 눅 20:41-44),예수께서 성전에서 가르치실새 대답하여 이르시되 어찌하여 서기관들이 그리스도를 다윗의 자손이라 하느냐,life_of_jesus,252,track_main,high
EVT0253,NT,마가복음,재난의 징조(마 24:3-14; 눅 21:7-19),예수께서 감람 산에서 성전을 마주 대하여 앉으셨을 때에 베드로와 야고보와 요한과 안드레가 조용히 묻되,life_of_jesus,253,track_main,high
EVT0254,NT,마가복음,예수의 머리에 향유를 붓다(마 26:6-13; 요 12:1-8),예수께서 베다니 나병환자 시몬의 집에서 식사하실 때에 한 여자가 매우 값진 향유 곧 순전한 나드 한 옥합을 가지고 와서 그 옥합을 깨뜨려 예수의 머리에 부으니,life_of_jesus,254,track_main,high
EVT0255,NT,마가복음,베드로가 부인할 것을 예언하시다(마 26:31-35; 눅 22:31-34; 요 13:36-38),예수께서 제자들에게 이르시되 너희가 다 나를 버리리라 이는 기록된 바 내가 목자를 치리니 양들이 흩어지리라 하였음이니라,life_of_jesus,255,track_main,high
EVT0256,NT,마가복음,"베드로가 예수를 알지 못한다고 하다(마 26:69-75; 눅 22:56-62; 요 18:15-18, 25-27)",베드로는 아랫뜰에 있더니 대제사장의 여종 하나가 와서,life_of_jesus,256,track_main,high
EVT0257,NT,마가복음,십자가에 못 박히시다(마 27:32-44; 눅 23:26-43; 요 19:17-27),마침 알렉산더와 루포의 아버지인 구레네 사람 시몬이 시골로부터 와서 지나가는데 그들이 그를 억지로 같이 가게 하여 예수의 십자가를 지우고,life_of_jesus,257,track_main,high
EVT0258,NT,마가복음,두 제자에게 나타나시다(눅 24:13-35),그 후에 그들 중 두 사람이 걸어서 시골로 갈 때에 예수께서 다른 모양으로 그들에게 나타나시니,life_of_jesus,258,track_main,high
EVT0259,NT,누가복음,세례 요한의 출생을 예고하다,유대 왕 헤롯 때에 아비야 반열에 제사장 한 사람이 있었으니 이름은 사가랴요 그의 아내는 아론의 자손이니 이름은 엘리사벳이라,life_of_jesus,259,track_main,high
EVT0260,NT,누가복음,세례 요한의 출생,엘리사벳이 해산할 기한이 차서 아들을 낳으니,life_of_jesus,260,track_main,high
EVT0261,NT,누가복음,열두 살 시절의 예수,그의 부모가 해마다 유월절이 되면 예루살렘으로 가더니,life_of_jesus,261,track_main,high
EVT0262,NT,누가복음,시험을 받으시다(마 4:1-11; 막 1:12-13),예수께서 성령의 충만함을 입어 요단 강에서 돌아오사 광야에서 사십 일 동안 성령에게 이끌리시며,life_of_jesus,262,track_main,high
EVT0263,NT,누가복음,복음을 전하러 떠나시다(막 1:35-39),날이 밝으매 예수께서 나오사 한적한 곳에 가시니 무리가 찾다가 만나서 자기들에게서 떠나시지 못하게 만류하려 하매,life_of_jesus,263,track_main,high
EVT0264,NT,누가복음,레위가 예수를 따르다(마 9:9-17; 막 2:13-22),그 후에 예수께서 나가사 레위라 하는 세리가 세관에 앉아 있는 것을 보시고 나를 따르라 하시니,life_of_jesus,264,track_main,high
EVT0265,NT,누가복음,"원수를 사랑하라(마 5:38-48; 7:1-5,12 상, 17-20; 12:34 하-35)",그러나 너희 듣는 자에게 내가 이르노니 너희 원수를 사랑하며 너희를 미워하는 자를 선대하며,life_of_jesus,265,track_main,high
EVT0266,NT,누가복음,과부의 아들을 살리시다,그 후에 예수께서 나인이란 성으로 가실새 제자와 많은 무리가 동행하더니,life_of_jesus,266,track_main,high
EVT0267,NT,누가복음,비유를 설명하시다(마 13:10-23; 막 4:13-20),제자들이 이 비유의 뜻을 물으니,life_of_jesus,267,track_main,high
EVT0268,NT,누가복음,귀신 들린 사람을 고치시다(마 8:28-34; 막 5:1-20),그들이 갈릴리 맞은편 거라사인의 땅에 이르러,life_of_jesus,268,track_main,high
EVT0269,NT,누가복음,"베드로의 고백, 죽음과 부활 예고(마 16:13-28; 막 8:27-9:1)",예수께서 따로 기도하실 때에 제자들이 주와 함께 있더니 물어 이르시되 무리가 나를 누구라고 하느냐,life_of_jesus,269,track_main,high
EVT0270,NT,누가복음,너희를 위하는 사람(막 9:38-40),요한이 여짜오되 주여 어떤 사람이 주의 이름으로 귀신을 내쫓는 것을 우리가 보고 우리와 함께 따르지 아니하므로 금하였나이다,life_of_jesus,270,track_main,high
EVT0271,NT,누가복음,예수의 감사 기도(마 11:25-27; 13:16-17),그 때에 예수께서 성령으로 기뻐하시며 이르시되 천지의 주재이신 아버지여 이것을 지혜롭고 슬기 있는 자들에게는 숨기시고 어린 아이들에게는 나타내심을 감사하나이…,life_of_jesus,271,track_main,high
EVT0272,NT,누가복음,"예수와 바알세불(마 12:22-30, 43-45; 막 3:20-27)",예수께서 한 말 못하게 하는 귀신을 쫓아내시니 귀신이 나가매 말 못하는 사람이 말하는지라 무리들이 놀랍게 여겼으나,life_of_jesus,272,track_main,high
EVT0273,NT,누가복음,바리새인들의 외식을 주의하라(마 10:26-33; 12:32; 10:19-20),그 동안에 무리 수만 명이 모여 서로 밟힐 만큼 되었더니 예수께서 먼저 제자들에게 말씀하여 이르시되 바리새인들의 누룩 곧 외식을 주의하라,life_of_jesus,273,track_main,high
EVT0274,NT,누가복음,"불을 던지러, 분쟁을 일으키러 왔다(마 10:34-36)",내가 불을 땅에 던지러 왔노니 이 불이 이미 붙었으면 내가 무엇을 원하리요,life_of_jesus,274,track_main,high
EVT0275,NT,누가복음,겨자씨와 누룩 비유(마 13:31-33; 막 4:30-32),그러므로 예수께서 이르시되 하나님의 나라가 무엇과 같을까 내가 무엇으로 비교할까,life_of_jesus,275,track_main,high
EVT0276,NT,누가복음,끝자리에 앉으라,청함을 받은 사람들이 높은 자리 택함을 보시고 그들에게 비유로 말씀하여 이르시되,life_of_jesus,276,track_main,high
EVT0277,NT,누가복음,잃은 아들을 되찾은 아버지 비유,또 이르시되 어떤 사람에게 두 아들이 있는데,life_of_jesus,277,track_main,high
EVT0278,NT,누가복음,"용서, 믿음, 종이 할 일(마 18:6-7; 21:22; 막 9:42)",예수께서 제자들에게 이르시되 실족하게 하는 것이 없을 수는 없으나 그렇게 하게 하는 자에게는 화로다,life_of_jesus,278,track_main,high
EVT0279,NT,누가복음,어린 아이들을 금하지 말라(마 19:13-15; 막 10:13-16),사람들이 예수께서 만져 주심을 바라고 자기 어린 아기를 데리고 오매 제자들이 보고 꾸짖거늘,life_of_jesus,279,track_main,high
EVT0280,NT,누가복음,예수와 삭개오,예수께서 여리고로 들어가 지나가시더라,life_of_jesus,280,track_main,high
EVT0281,NT,누가복음,포도원 농부 비유(마 21:33-46; 막 12:1-12),그가 또 이 비유로 백성에게 말씀하시기 시작하시니라 한 사람이 포도원을 만들어 농부들에게 세로 주고 타국에 가서 오래 있다가,life_of_jesus,281,track_main,high
EVT0282,NT,누가복음,서기관들을 삼가라(마 23:1-36; 막 12:38-40; 눅 11:37-54),모든 백성이 들을 때에 예수께서 그 제자들에게 이르시되,life_of_jesus,282,track_main,high
EVT0283,NT,누가복음,무화과나무에서 배울 교훈(마 24:32-35; 막 13:28-31),이에 비유로 이르시되 무화과나무와 모든 나무를 보라,life_of_jesus,283,track_main,high
EVT0284,NT,누가복음,마지막 만찬(마 26:26-30; 막 14:22-26; 고전 11:23-25),때가 이르매 예수께서 사도들과 함께 앉으사,life_of_jesus,284,track_main,high
EVT0285,NT,누가복음,"베드로가 예수를 모른다고 하다(마 26:57-58; 막 14:53-54, 66-72; 요 18:12-18, 25-27)",예수를 잡아 끌고 대제사장의 집으로 들어갈새 베드로가 멀찍이 따라가니라,life_of_jesus,285,track_main,high
EVT0286,NT,누가복음,헤롯 앞에 서시다,헤롯이 예수를 보고 매우 기뻐하니 이는 그의 소문을 들었으므로 보고자 한 지 오래였고 또한 무엇이나 이적 행하심을 볼까 바랐던 연고러라,life_of_jesus,286,track_main,high
EVT0287,NT,누가복음,엠마오 길에서 제자들에게 나타나시다(막 16:12-13),그 날에 그들 중 둘이 예루살렘에서 이십오 리 되는 엠마오라 하는 마을로 가면서,life_of_jesus,287,track_main,high
EVT0288,NT,요한복음,세례 요한의 증언(마 3:1-12; 막 1:7-8; 눅 3:15-17),유대인들이 예루살렘에서 제사장들과 레위인들을 요한에게 보내어 네가 누구냐 물을 때에 요한의 증언이 이러하니라,life_of_jesus,288,track_main,high
EVT0289,NT,요한복음,가나의 혼례,사흘째 되던 날 갈릴리 가나에 혼례가 있어 예수의 어머니도 거기 계시고,life_of_jesus,289,track_main,high
EVT0290,NT,요한복음,하늘로부터 오시는 이,위로부터 오시는 이는 만물 위에 계시고 땅에서 난 이는 땅에 속하여 땅에 속한 것을 말하느니라 하늘로부터 오시는 이는 만물 위에 계시나니,life_of_jesus,290,track_main,high
EVT0291,NT,요한복음,아들의 권한,그러므로 예수께서 그들에게 이르시되 내가 진실로 진실로 너희에게 이르노니 아들이 아버지께서 하시는 일을 보지 않고는 아무 것도 스스로 할 수 없나니 아버지께…,life_of_jesus,291,track_main,high
EVT0292,NT,요한복음,생명의 떡,이튿날 바다 건너편에 서 있던 무리가 배 한 척 외에 다른 배가 거기 없는 것과 또 어제 예수께서 제자들과 함께 그 배에 오르지 아니하시고 제자들만 가는 것…,life_of_jesus,292,track_main,high
EVT0293,NT,요한복음,배에서 생수의 강이 흘러나오리라,명절 끝날 곧 큰 날에 예수께서 서서 외쳐 이르시되 누구든지 목마르거든 내게로 와서 마시라,life_of_jesus,293,track_main,high
EVT0294,NT,요한복음,내가 가는 곳,다시 이르시되 내가 가리니 너희가 나를 찾다가 너희 죄 가운데서 죽겠고 내가 가는 곳에는 너희가 오지 못하리라,life_of_jesus,294,track_main,high
EVT0295,NT,요한복음,양의 우리 비유,내가 진실로 진실로 너희에게 이르노니 문을 통하여 양의 우리에 들어가지 아니하고 다른 데로 넘어가는 자는 절도며 강도요,life_of_jesus,295,track_main,high
EVT0296,NT,요한복음,나는 부활이요 생명이니,예수께서 와서 보시니 나사로가 무덤에 있은 지 이미 나흘이라,life_of_jesus,296,track_main,high
EVT0297,NT,요한복음,예루살렘으로 가시다(마 21:1-11; 막 11:1-11; 눅 19:28-40),그 이튿날에는 명절에 온 큰 무리가 예수께서 예루살렘으로 오신다는 것을 듣고,life_of_jesus,297,track_main,high
EVT0298,NT,요한복음,새 계명,그가 나간 후에 예수께서 이르시되 지금 인자가 영광을 받았고 하나님도 인자로 말미암아 영광을 받으셨도다,life_of_jesus,298,track_main,high
EVT0299,NT,요한복음,나는 포도나무요 너희는 가지라,나는 참포도나무요 내 아버지는 농부라,life_of_jesus,299,track_main,high
EVT0300,NT,요한복음,잡히시다(마 26:47-56; 막 14:43-50; 눅 22:47-53),예수께서 이 말씀을 하시고 제자들과 함께 기드론 시내 건너편으로 나가시니 그 곳에 동산이 있는데 제자들과 함께 들어가시니라,life_of_jesus,300,track_main,high
EVT0301,NT,요한복음,"빌라도 앞에 서시다(마 27:1-2, 11-14; 막 15:1-5; 눅 23:1-5)",그들이 예수를 가야바에게서 관정으로 끌고 가니 새벽이라 그들은 더럽힘을 받지 아니하고 유월절 잔치를 먹고자 하여 관정에 들어가지 아니하더라,life_of_jesus,301,track_main,high
EVT0302,NT,요한복음,새 무덤에 예수를 두다(마 27:57-61; 막 15:42-47; 눅 23:50-56),아리마대 사람 요셉은 예수의 제자이나 유대인이 두려워 그것을 숨기더니 이 일 후에 빌라도에게 예수의 시체를 가져가기를 구하매 빌라도가 허락하는지라 이에 가서…,life_of_jesus,302,track_main,high
EVT0303,NT,요한복음,이 책을 기록한 목적,예수께서 제자들 앞에서 이 책에 기록되지 아니한 다른 표적도 많이 행하셨으나,life_of_jesus,303,track_main,high
EVT0304,NT,사도행전,예수께서 하늘로 올려지시다,그들이 모였을 때에 예수께 여쭈어 이르되 주께서 이스라엘 나라를 회복하심이 이 때니이까 하니,early_church,304,track_main,high
EVT0305,NT,사도행전,믿는 사람이 모든 물건을 통용하다,사람마다 두려워하는데 사도들로 말미암아 기사와 표적이 많이 나타나니,early_church,305,track_main,high
EVT0306,NT,사도행전,물건을 서로 통용하다,믿는 무리가 한마음과 한 뜻이 되어 모든 물건을 서로 통용하고 자기 재물을 조금이라도 자기 것이라 하는 이가 하나도 없더라,early_church,306,track_main,high
EVT0307,NT,사도행전,일곱 일꾼을 택하다,그 때에 제자가 더 많아졌는데 헬라파 유대인들이 자기의 과부들이 매일의 구제에 빠지므로 히브리파 사람을 원망하니,early_church,307,track_main,high
EVT0308,NT,사도행전,빌립과 에디오피아 내시,주의 사자가 빌립에게 말하여 이르되 일어나서 남쪽으로 향하여 예루살렘에서 가사로 내려가는 길까지 가라 하니 그 길은 광야라,early_church,308,track_main,high
EVT0309,NT,사도행전,베드로가 중풍병자를 고치다,그 때에 베드로가 사방으로 두루 다니다가 룻다에 사는 성도들에게도 내려갔더니,early_church,309,track_main,high
EVT0310,NT,사도행전,베드로가 예루살렘 교회에 보고하다,유대에 있는 사도들과 형제들이 이방인들도 하나님의 말씀을 받았다 함을 들었더니,early_church,310,track_main,high
EVT0311,NT,사도행전,바나바와 사울이 구브로에서 전도하다,두 사람이 성령의 보내심을 받아 실루기아에 내려가 거기서 배 타고 구브로에 가서,early_church,311,track_main,high
EVT0312,NT,사도행전,예루살렘 회의,어떤 사람들이 유대로부터 내려와서 형제들을 가르치되 너희가 모세의 법대로 할례를 받지 아니하면 능히 구원을 받지 못하리라 하니,early_church,312,track_main,high
EVT0313,NT,사도행전,루디아가 믿다,우리가 드로아에서 배로 떠나 사모드라게로 직행하여 이튿날 네압볼리로 가고,early_church,313,track_main,high
EVT0314,NT,사도행전,바울이 아덴에서 전도하다,바울이 아덴에서 그들을 기다리다가 그 성에 우상이 가득한 것을 보고 마음에 격분하여,early_church,314,track_main,high
EVT0315,NT,사도행전,바울이 에베소에서 전도하다,아볼로가 고린도에 있을 때에 바울이 윗지방으로 다녀 에베소에 와서 어떤 제자들을 만나,early_church,315,track_main,high
EVT0316,NT,사도행전,에베소 장로들에게 고별 설교를 하다,바울이 밀레도에서 사람을 에베소로 보내어 교회 장로들을 청하니,early_church,316,track_main,high
EVT0317,NT,사도행전,바울이 백성에게 말하다,바울을 데리고 영내로 들어가려 할 그 때에 바울이 천부장에게 이르되 내가 당신에게 말할 수 있느냐 이르되 네가 헬라 말을 아느냐,early_church,317,track_main,high
EVT0318,NT,사도행전,바울을 고발하다,닷새 후에 대제사장 아나니아가 어떤 장로들과 한 변호사 더둘로와 함께 내려와서 총독 앞에서 바울을 고발하니라,early_church,318,track_main,high
EVT0319,NT,사도행전,바울이 아그립바 왕과 버니게 앞에 서다,수일 후에 아그립바 왕과 버니게가 베스도에게 문안하러 가이사랴에 와서,early_church,319,track_main,high
EVT0320,NT,사도행전,멜리데 섬에 오르다,우리가 구조된 후에 안즉 그 섬은 멜리데라 하더라,early_church,320,track_main,high
